well,dNe,dNe_1sd
PLM1,68.66184853367174,2.3017217396890675
PLM7,31.854932379633816,1.6412095268595055
PLM6,15.825162279575387,1.5016932133284107
